USE OOPTecDummy;
INSERT INTO Genre_Catalog(id, genre) VALUES (1, 'Adventure'),(2, 'Comedy'),(3, 'Sci-Fi'),(4, 'Action'),(5, 'Crime'),(6, 'Thriller'),(7, 'Family'),(8, 'Fantasy'),(9, 'Drama'),(10, 'Mystery'),(11, 'Animation'),(12, 'Film-Noir'),(13, 'Horror'),(14, 'Musical'),(15, 'Romance'),(16, 'Biography'),(17, 'History'),(18, 'Western'),(19, 'War'),(20, 'Sport'),(21, 'Short'),(22, 'Music');
INSERT INTO Movie_Detail(id, rating, duration, year, name) VALUES (88763, 8.5, 6960, 1985, 'Back to the Future'),(112851, 7.2, 6240, 1995, 'Desperado'),(477347, 6.4, 6480, 2006, 'Night at the Museum'),(93870, 7.5, 6120, 1987, 'RoboCop'),(87332, 7.8, 6300, 1984, 'Ghostbusters'),(104009, 4.9, 6120, 1992, 'Cool World'),(246578, 8.0, 6780, 2001, 'Donnie Darko'),(36775, 8.3, 6420, 1944, 'Double Indemnity'),(120176, 7.2, 6600, 1997, 'The Spanish Prisoner'),(5606664, 7.4, 9120, 2019, 'Doctor Sleep'),(472181, 5.4, 6180, 2011, 'The Smurfs'),(103873, 7.5, 6240, 1992, 'Dead Alive'),(106308, 7.5, 4860, 1992, 'Army of Darkness'),(46183, 7.3, 4620, 1953, 'Peter Pan'),(199753, 5.7, 6360, 2000, 'Red Planet'),(120647, 6.2, 7200, 1998, 'Deep Impact'),(116908, 6.8, 7260, 1996, 'The Long Kiss Goodnight'),(1051904, 6.3, 6180, 2015, 'Goosebumps'),(468569, 9.0, 9120, 2008, 'The Dark Knight'),(305669, 5.6, 6300, 2003, 'Bringing Down the House'),(114369, 8.6, 7620, 1995, 'Se7en'),(241303, 7.2, 7260, 2000, 'Chocolat'),(1440728, 6.3, 6300, 2010, 'The American'),(112346, 6.8, 6840, 1995, 'The American President'),(82198, 6.9, 7740, 1982, 'Conan the Barbarian'),(126029, 7.8, 5400, 2001, 'Shrek'),(82406, 7.3, 4980, 1981, 'The Fox and the Hound'),(1279935, 6.3, 5280, 2010, 'Date Night'),(1228705, 7.0, 7440, 2010, 'Iron Man 2'),(108358, 7.8, 7800, 1993, 'Tombstone'),(2494362, 7.1, 7920, 2015, 'Bone Tomahawk'),(96487, 6.9, 6420, 1988, 'Young Guns'),(437086, 7.3, 7320, 2019, 'Alita: Battle Angel'),(137523, 8.8, 8340, 1999, 'Fight Club'),(209958, 6.3, 6420, 2000, 'The Cell'),(1139668, 4.8, 5280, 2009, 'The Unborn'),(71222, 7.2, 5880, 1974, 'Black Christmas'),(1488555, 6.3, 6720, 2011, 'The Change-Up'),(104691, 7.7, 6720, 1992, 'The Last of the Mohicans'),(1130884, 8.1, 8280, 2010, 'Shutter Island'),(122690, 7.3, 7320, 1998, 'Ronin'),(107818, 7.7, 7500, 1993, 'Philadelphia'),(82158, 7.2, 7500, 1981, 'Chariots of Fire'),(118113, 6.7, 5160, 1996, 'Walking and Talking'),(351977, 6.3, 5160, 2004, 'Walking Tall'),(405422, 7.1, 6960, 2005, 'The 40-Year-Old Virgin'),(86393, 5.0, 7500, 1983, 'Superman III'),(274812, 7.0, 6420, 2002, 'Secretary'),(1028576, 7.2, 7380, 2010, 'Secretariat'),(100405, 7.0, 7140, 1990, 'Pretty Woman'),(108160, 6.8, 6300, 1993, 'Sleepless in Seattle'),(20030, 7.5, 5700, 1929, 'The Iron Mask'),(448115, 7.1, 7920, 2019, 'Shazam!'),(106400, 5.0, 5520, 1993, 'The Beverly Hillbillies'),(1142988, 6.4, 5760, 2009, 'The Ugly Truth'),(1658052, 8.0, 240, 2010, 'Bounty Hunter'),(98258, 7.3, 6000, 1989, 'Say Anything...'),(109021, 6.6, 6300, 1994, '8 Seconds'),(17136, 8.3, 9180, 1927, 'Metropolis'),(87469, 7.6, 7080, 1984, 'Indiana Jones and the Temple of Doom'),(79417, 7.8, 6300, 1979, 'Kramer vs. Kramer'),(368008, 6.6, 7740, 2004, 'The Manchurian Candidate'),(81398, 8.2, 7740, 1980, 'Raging Bull'),(113277, 8.2, 10200, 1995, 'Heat'),(7286456, 8.5, 7320, 2019, 'Joker'),(257360, 7.1, 7500, 2002, 'About Schmidt'),(89885, 7.2, 6240, 1985, 'Re-Animator'),(251075, 6.1, 6060, 2001, 'Evolution'),(187078, 6.5, 7080, 2000, 'Gone in 60 Seconds'),(493464, 6.7, 6600, 2008, 'Wanted'),(89543, 5.7, 5520, 1985, 'The Man with One Red Shoe'),(79367, 7.2, 5640, 1979, 'The Jerk'),(1172233, 6.9, 6660, 2009, 'Whip It'),(98384, 7.3, 7020, 1989, 'Steel Magnolias'),(451079, 6.8, 5160, 2008, 'Horton Hears a Who!'),(322589, 5.4, 5640, 2003, 'Honey'),(88846, 7.9, 7920, 1985, 'Brazil'),(95243, 7.0, 7740, 1988, 'Gorillas in the Mist'),(381681, 8.0, 4800, 2004, 'Before Sunset'),(1670387, 4.3, 5400, 2013, 'After Dark'),(364376, 3.4, 4200, 2005, 'The Gingerdead Man'),(844471, 6.9, 5400, 2009, 'Cloudy with a Chance of Meatballs'),(42546, 7.9, 6240, 1950, 'Harvey'),(31679, 8.1, 7740, 1939, 'Mr. Smith Goes to Washington'),(119488, 8.2, 8280, 1997, 'L.A. Confidential'),(449059, 7.8, 6060, 2006, 'Little Miss Sunshine'),(1235170, 6.2, 5460, 2011, 'The Future'),(91225, 4.7, 6600, 1986, 'Howard the Duck'),(1594562, 5.4, 6060, 2011, 'The Innkeepers'),(87363, 7.3, 6360, 1984, 'Gremlins'),(65073, 6.4, 5460, 1970, 'Taste the Blood of Dracula'),(770828, 7.0, 8580, 2013, 'Man of Steel'),(6751668, 8.6, 7920, 2019, 'Parasite'),(54215, 8.5, 6540, 1960, 'Psycho'),(5727208, 7.5, 8100, 2019, 'Uncut Gems'),(7984734, 7.6, 6540, 2019, 'The Lighthouse');
INSERT INTO MovieGenres_Master(movie_id, genre_id) VALUES (88763,1),(88763,2),(88763,3),(112851,4),(112851,5),(112851,6),(477347,1),(477347,2),(477347,7),(477347,8),(93870,4),(93870,5),(93870,3),(93870,6),(87332,4),(87332,2),(87332,8),(104009,9),(104009,2),(104009,8),(246578,10),(246578,11),(246578,3),(246578,6),(36775,5),(36775,10),(36775,12),(36775,11),(36775,6),(120176,10),(120176,11),(120176,6),(5606664,10),(5606664,8),(5606664,13),(5606664,6),(472181,9),(472181,1),(472181,2),(472181,7),(472181,8),(103873,2),(103873,13),(106308,2),(106308,13),(46183,9),(46183,1),(46183,7),(46183,8),(46183,14),(199753,4),(199753,3),(199753,6),(120647,4),(120647,10),(120647,15),(120647,3),(120647,6),(116908,4),(116908,5),(116908,10),(116908,11),(116908,6),(1051904,1),(1051904,2),(1051904,7),(1051904,8),(1051904,13),(468569,4),(468569,5),(468569,10),(468569,6),(305669,2),(114369,5),(114369,10),(114369,11),(114369,6),(241303,10),(241303,15),(1440728,5),(1440728,10),(1440728,6),(112346,2),(112346,10),(112346,15),(82198,4),(82198,1),(82198,8),(126029,9),(126029,1),(126029,2),(126029,7),(126029,8),(82406,9),(82406,1),(82406,10),(82406,7),(1279935,2),(1279935,5),(1279935,15),(1279935,6),(1228705,4),(1228705,1),(1228705,3),(108358,4),(108358,16),(108358,10),(108358,17),(108358,18),(2494362,10),(2494362,13),(2494362,18),(96487,4),(96487,18),(437086,4),(437086,1),(437086,3),(437086,6),(137523,10),(209958,13),(209958,3),(209958,6),(1139668,10),(1139668,13),(1139668,11),(1139668,6),(71222,13),(71222,11),(71222,6),(1488555,2),(1488555,8),(104691,4),(104691,1),(104691,10),(104691,15),(104691,19),(1130884,11),(1130884,6),(122690,4),(122690,5),(122690,6),(107818,10),(82158,16),(82158,10),(82158,20),(118113,2),(118113,10),(118113,15),(351977,4),(351977,5),(405422,2),(405422,15),(86393,4),(86393,1),(86393,2),(86393,3),(274812,2),(274812,10),(274812,15),(1028576,16),(1028576,10),(1028576,7),(1028576,17),(1028576,20),(100405,2),(100405,15),(108160,2),(108160,10),(108160,15),(20030,1),(20030,10),(20030,17),(20030,15),(448115,4),(448115,1),(448115,2),(448115,8),(106400,2),(106400,7),(1142988,2),(1142988,15),(1658052,21),(1658052,5),(1658052,10),(1658052,6),(98258,2),(98258,10),(98258,15),(109021,16),(109021,10),(109021,20),(109021,18),(17136,10),(17136,3),(87469,4),(87469,1),(79417,10),(368008,10),(368008,11),(368008,3),(368008,6),(81398,16),(81398,10),(81398,20),(113277,5),(113277,10),(113277,6),(7286456,5),(7286456,10),(7286456,6),(257360,2),(257360,10),(89885,2),(89885,13),(89885,3),(251075,2),(251075,3),(187078,4),(187078,5),(187078,6),(493464,4),(493464,5),(493464,8),(493464,6),(89543,2),(89543,6),(79367,2),(1172233,10),(1172233,20),(98384,2),(98384,10),(98384,15),(451079,9),(451079,1),(451079,2),(451079,7),(451079,8),(322589,10),(322589,22),(322589,15),(88846,10),(88846,3),(95243,16),(95243,10),(381681,10),(381681,15),(1670387,13),(1670387,6),(364376,2),(364376,8),(364376,13),(844471,9),(844471,1),(844471,2),(844471,7),(844471,8),(844471,3),(42546,2),(42546,10),(42546,8),(31679,2),(31679,10),(119488,5),(119488,10),(119488,11),(119488,6),(449059,2),(449059,10),(1235170,10),(1235170,8),(1235170,15),(91225,4),(91225,1),(91225,2),(91225,15),(91225,3),(1594562,10),(1594562,13),(1594562,11),(87363,2),(87363,8),(87363,13),(65073,10),(65073,8),(65073,13),(65073,15),(65073,6),(770828,4),(770828,1),(770828,3),(6751668,2),(6751668,10),(6751668,6),(54215,13),(54215,11),(54215,6),(5727208,5),(5727208,10),(5727208,6),(7984734,10),(7984734,8),(7984734,13),(7984734,11);

INSERT INTO Serie_Detail(id, year_start, year_end, name) VALUES (1135300, 2009, 2010, 'Dollhouse'),(3501584, 2015, 2019, 'iZombie'),(944947, 2011, NULL, 'Game of Thrones'),(1778108, 2011, 2012, 'The Hour'),(92345, 1987, 1990, 'DuckTales'),(2193021, 2012, 2020, 'Arrow'),(1865718, 2012, 2016, 'Gravity Falls'),(1439629, 2009, 2015, 'Community'),(4574334, 2016, NULL, 'Stranger Things'),(8111088, 2019, NULL, 'The Mandalorian'),(108778, 1994, 2004, 'Friends'),(1475582, 2010, NULL, 'Sherlock');
CALL insertSerieGenre(1135300, 'Drama');
CALL insertSerieGenre(1135300, 'Mystery');
CALL insertSerieGenre(1135300, 'Sci-Fi');
CALL insertSerieGenre(1135300, 'Thriller');
CALL insertSerieGenre(3501584, 'Comedy');
CALL insertSerieGenre(3501584, 'Crime');
CALL insertSerieGenre(3501584, 'Drama');
CALL insertSerieGenre(3501584, 'Horror');
CALL insertSerieGenre(944947, 'Action');
CALL insertSerieGenre(944947, 'Adventure');
CALL insertSerieGenre(944947, 'Drama');
CALL insertSerieGenre(944947, 'Fantasy');
CALL insertSerieGenre(944947, 'Romance');
CALL insertSerieGenre(1778108, 'Drama');
CALL insertSerieGenre(92345, 'Animation');
CALL insertSerieGenre(92345, 'Adventure');
CALL insertSerieGenre(92345, 'Comedy');
CALL insertSerieGenre(92345, 'Family');
CALL insertSerieGenre(2193021, 'Action');
CALL insertSerieGenre(2193021, 'Adventure');
CALL insertSerieGenre(2193021, 'Crime');
CALL insertSerieGenre(2193021, 'Drama');
CALL insertSerieGenre(2193021, 'Mystery');
CALL insertSerieGenre(2193021, 'Sci-Fi');
CALL insertSerieGenre(1865718, 'Animation');
CALL insertSerieGenre(1865718, 'Action');
CALL insertSerieGenre(1865718, 'Adventure');
CALL insertSerieGenre(1865718, 'Comedy');
CALL insertSerieGenre(1865718, 'Family');
CALL insertSerieGenre(1865718, 'Fantasy');
CALL insertSerieGenre(1865718, 'Mystery');
CALL insertSerieGenre(1865718, 'Sci-Fi');
CALL insertSerieGenre(1439629, 'Comedy');
CALL insertSerieGenre(4574334, 'Drama');
CALL insertSerieGenre(4574334, 'Fantasy');
CALL insertSerieGenre(4574334, 'Horror');
CALL insertSerieGenre(4574334, 'Mystery');
CALL insertSerieGenre(4574334, 'Sci-Fi');
CALL insertSerieGenre(4574334, 'Thriller');
CALL insertSerieGenre(8111088, 'Action');
CALL insertSerieGenre(8111088, 'Adventure');
CALL insertSerieGenre(8111088, 'Sci-Fi');
CALL insertSerieGenre(108778, 'Comedy');
CALL insertSerieGenre(108778, 'Romance');
CALL insertSerieGenre(1475582, 'Crime');
CALL insertSerieGenre(1475582, 'Drama');
CALL insertSerieGenre(1475582, 'Mystery');
CALL insertSerieGenre(1475582, 'Thriller');

INSERT INTO Episode_Detail(id, serie_id, n_episode, n_season, rating, duration, name) VALUES (1216522, 1135300, 1, 1, 7.5, 2640, 'Ghost'),(1216523, 1135300, 2, 1, 7.9, 2640, 'The Target'),(1216524, 1135300, 3, 1, 7.2, 2640, 'Stage Fright'),(1208132, 1135300, 4, 1, 7.7, 2640, 'Gray Hour'),(1216526, 1135300, 5, 1, 7.4, 2640, 'True Believer'),(1216525, 1135300, 6, 1, 8.7, 2640, 'Man on the Street'),(1216527, 1135300, 7, 1, 7.9, 2640, 'Echoes'),(1356321, 1135300, 8, 1, 8.4, 2640, 'Needs'),(1356320, 1135300, 9, 1, 8.7, 2640, 'A Spy in the House of Love'),(1356319, 1135300, 10, 1, 7.9, 2640, 'Haunted'),(1356318, 1135300, 11, 1, 8.8, 2640, 'Briar Rose'),(1385113, 1135300, 12, 1, 8.6, 2640, 'Omega'),(1417754, 1135300, 13, 1, 9.0, 2640, 'Epitaph One'),(1472477, 1135300, 1, 2, 7.8, 2640, 'Vows'),(1498132, 1135300, 2, 2, 7.4, 2640, 'Instinct'),(1484583, 1135300, 3, 2, 7.9, 2640, 'Belle Chose'),(1494936, 1135300, 4, 2, 8.8, 2640, 'Belonging'),(1518945, 1135300, 5, 2, 8.4, 2640, 'The Public Eye'),(1518944, 1135300, 6, 2, 8.6, 2640, 'The Left Hand'),(1535688, 1135300, 7, 2, 8.0, 2640, 'Meet Jane Doe'),(1535687, 1135300, 8, 2, 8.6, 2640, 'A Love Supreme'),(1535689, 1135300, 9, 2, 8.0, 2640, 'Stop-Loss'),(1535690, 1135300, 10, 2, 9.1, 2640, 'The Attic'),(1537128, 1135300, 11, 2, 8.9, 2640, 'Getting Closer'),(1537130, 1135300, 13, 2, 8.9, 2640, 'Epitaph Two: Return'),(3733950, 3501584, 1, 1, 8.3, 2520, 'Pilot'),(3822192, 3501584, 2, 1, 8.1, 2520, 'Brother, Can You Spare a Brain?'),(4021078, 3501584, 3, 1, 7.9, 2520, 'The Exterminator'),(4089160, 3501584, 4, 1, 7.9, 2520, 'Liv and Let Clive'),(4142142, 3501584, 5, 1, 8.2, 2520, 'Flight of the Living Dead'),(4133384, 3501584, 6, 1, 8.2, 2520, 'Virtual Reality Bites'),(4157848, 3501584, 7, 1, 8.1, 2520, 'Maternity Liv'),(4316304, 3501584, 8, 1, 8.4, 2520, 'Dead Air'),(4228716, 3501584, 9, 1, 8.7, 2520, 'Patriot Brains'),(4239796, 3501584, 10, 1, 8.4, 2520, 'Mr. Berserk'),(4276560, 3501584, 11, 1, 8.9, 2520, 'Astroburger'),(4301958, 3501584, 12, 1, 9.0, 2520, 'Dead Rat, Live Rat, Brown Rat, White Rat'),(4424428, 3501584, 13, 1, 9.2, 2520, 'Blaine\'s World'),(4665126, 3501584, 1, 2, 8.4, 2520, 'Grumpy Old Liv'),(4962758, 3501584, 2, 2, 8.6, 2520, 'Zombie Bro'),(5012590, 3501584, 3, 2, 8.2, 2520, 'Real Dead Housewife of Seattle'),(5031902, 3501584, 4, 2, 8.3, 2520, 'Even Cowgirls Get the Black and Blues'),(5119958, 3501584, 5, 2, 8.2, 2520, 'Love & Basketball'),(5055264, 3501584, 6, 2, 8.3, 2520, 'Max Wager'),(5178410, 3501584, 7, 2, 8.3, 2520, 'Abra Cadaver'),(5104310, 3501584, 8, 2, 8.4, 2520, 'The Hurt Stalker'),(5155188, 3501584, 9, 2, 8.5, 2520, 'Cape Town'),(5202278, 3501584, 10, 2, 8.4, 2520, 'Method Head'),(5270952, 3501584, 11, 2, 8.6, 2520, 'Fifty Shades of Grey Matter'),(5256922, 3501584, 12, 2, 8.3, 2520, 'Physician, Heal Thy Selfie'),(5270964, 3501584, 13, 2, 8.5, 2520, 'The Whopper'),(5270970, 3501584, 14, 2, 8.8, 2520, 'Eternal Sunshine of the Caffeinated Mind'),(5270972, 3501584, 15, 2, 8.7, 2520, 'He Blinded Me... With Science'),(5270980, 3501584, 16, 2, 8.8, 2520, 'Pour Some Sugar, Zombie'),(5270984, 3501584, 17, 2, 8.8, 2520, 'Reflections of the Way Liv Used to Be'),(5270988, 3501584, 18, 2, 9.3, 2520, 'Dead Beat'),(5223550, 3501584, 19, 2, 9.3, 2520, 'Salivation Army'),(5540908, 3501584, 1, 3, 8.2, 2520, 'Heaven Just Got a Little Bit Smoother'),(6176870, 3501584, 2, 3, 8.8, 2520, 'Zombie Knows Best'),(6046100, 3501584, 4, 3, 8.1, 2520, 'Wag the Tongue Slowly'),(6173596, 3501584, 6, 3, 8.5, 2520, 'Some Like It Hot Mess'),(6227020, 3501584, 8, 3, 8.2, 2520, 'Eat a Knievel'),(6351968, 3501584, 9, 3, 8.6, 2520, 'Twenty-Sided, Die'),(6340202, 3501584, 10, 3, 8.4, 2520, 'Return of the Dead Guy'),(6432358, 3501584, 11, 3, 8.5, 2520, 'Conspiracy Weary'),(6340066, 3501584, 13, 3, 8.8, 2520, 'Looking for Mr. Goodbrain, Part 2'),(6889246, 3501584, 1, 4, 8.0, 2520, 'Are You Ready for Some Zombies?'),(7291774, 3501584, 2, 4, 7.9, 2520, 'Blue Bloody'),(7360222, 3501584, 3, 4, 8.1, 2520, 'Brainless in Seattle, Part 1'),(7457718, 3501584, 5, 4, 8.2, 2520, 'Goon Struck'),(7517336, 3501584, 6, 4, 8.3, 2520, 'My Really Fair Lady'),(7538714, 3501584, 7, 4, 7.9, 2520, 'Don\'t Hate the Player, Hate the Brain'),(7575114, 3501584, 8, 4, 8.0, 2520, 'Chivalry is Dead'),(7653510, 3501584, 9, 4, 8.1, 2520, 'Mac-Liv-Moore'),(7653516, 3501584, 10, 4, 8.2, 2520, 'Yipee Ki Brain, Motherscratcher!'),(7689514, 3501584, 11, 4, 8.5, 2520, 'Insane in the Germ Brain'),(7980670, 3501584, 13, 4, 9.3, 2520, 'And He Shall Be a Good Man'),(8479322, 3501584, 1, 5, 8.0, 2520, 'Thug Death'),(8918960, 3501584, 2, 5, 7.9, 2520, 'Dead Lift'),(8951666, 3501584, 3, 5, 8.3, 2520, 'Five, Six, Seven, Ate!'),(9180076, 3501584, 6, 5, 7.9, 2520, 'The Scratchmaker'),(9407892, 3501584, 7, 5, 5.0, 2520, 'Filleted To Rest'),(9382170, 3501584, 8, 5, 7.7, 2520, 'Death of a Car Salesman'),(9377044, 3501584, 9, 5, 7.9, 2520, 'The Fresh Princess'),(9511482, 3501584, 10, 5, 8.1, 2520, 'Night and the Zombie City'),(9445556, 3501584, 11, 5, 7.8, 2520, 'Killer Queen'),(9651738, 3501584, 12, 5, 5.0, 2520, 'Episode #5.12'),(9651752, 3501584, 13, 5, 8.5, 2520, 'All\'s Well That Ends Well'),(1480055, 944947, 1, 1, 9.0, 3420, 'Winter Is Coming'),(1668746, 944947, 2, 1, 8.8, 3420, 'The Kingsroad'),(1829962, 944947, 3, 1, 8.7, 3420, 'Lord Snow'),(1829963, 944947, 4, 1, 8.8, 3420, 'Cripples, Bastards, and Broken Things'),(1829964, 944947, 5, 1, 9.1, 3420, 'The Wolf and the Lion'),(1837862, 944947, 6, 1, 9.2, 3420, 'A Golden Crown'),(1837863, 944947, 7, 1, 9.2, 3420, 'You Win or You Die'),(1837864, 944947, 8, 1, 9.0, 3420, 'The Pointy End'),(1851398, 944947, 9, 1, 9.6, 3420, 'Baelor'),(1851397, 944947, 10, 1, 9.5, 3420, 'Fire and Blood'),(1971833, 944947, 1, 2, 8.8, 3420, 'The North Remembers'),(2069318, 944947, 2, 2, 8.5, 3420, 'The Night Lands'),(2070135, 944947, 3, 2, 8.8, 3420, 'What Is Dead May Never Die'),(2069319, 944947, 4, 2, 8.8, 3420, 'Garden of Bones'),(2074658, 944947, 5, 2, 8.8, 3420, 'The Ghost of Harrenhal'),(2085238, 944947, 6, 2, 9.1, 3420, 'The Old Gods and the New'),(2085239, 944947, 7, 2, 8.9, 3420, 'A Man Without Honor'),(2085240, 944947, 8, 2, 8.8, 3420, 'The Prince of Winterfell'),(2084342, 944947, 9, 2, 9.7, 3420, 'Blackwater'),(2112510, 944947, 10, 2, 9.4, 3420, 'Valar Morghulis'),(2178782, 944947, 1, 3, 8.8, 3420, 'Valar Dohaeris'),(2178772, 944947, 2, 3, 8.6, 3420, 'Dark Wings, Dark Words'),(2178802, 944947, 3, 3, 8.9, 3420, 'Walk of Punishment'),(2178798, 944947, 4, 3, 9.6, 3420, 'And Now His Watch Is Ended'),(2178788, 944947, 5, 3, 9.0, 3420, 'Kissed by Fire'),(2178812, 944947, 6, 3, 8.8, 3420, 'The Climb'),(2178814, 944947, 7, 3, 8.7, 3420, 'The Bear and the Maiden Fair'),(2178806, 944947, 8, 3, 9.0, 3420, 'Second Sons'),(2178784, 944947, 9, 3, 9.9, 3420, 'The Rains of Castamere'),(2178796, 944947, 10, 3, 9.1, 3420, 'Mhysa'),(2816136, 944947, 1, 4, 9.1, 3420, 'Two Swords'),(2832378, 944947, 2, 4, 9.7, 3420, 'The Lion and the Rose'),(2972426, 944947, 3, 4, 8.9, 3420, 'Breaker of Chains'),(2972428, 944947, 4, 4, 8.8, 3420, 'Oathkeeper'),(3060856, 944947, 5, 4, 8.7, 3420, 'First of His Name'),(3060910, 944947, 6, 4, 9.7, 3420, 'The Laws of Gods and Men'),(3060876, 944947, 7, 4, 9.1, 3420, 'Mockingbird'),(3060782, 944947, 8, 4, 9.7, 3420, 'The Mountain and the Viper'),(3060858, 944947, 9, 4, 9.6, 3420, 'The Watchers on the Wall'),(3060860, 944947, 10, 4, 9.7, 3420, 'The Children'),(3658012, 944947, 1, 5, 8.5, 3420, 'The Wars to Come'),(3846626, 944947, 2, 5, 8.5, 3420, 'The House of Black and White'),(3866836, 944947, 3, 5, 8.5, 3420, 'High Sparrow'),(3866838, 944947, 4, 5, 8.7, 3420, 'Sons of the Harpy'),(3866840, 944947, 5, 5, 8.6, 3420, 'Kill the Boy'),(3866842, 944947, 6, 5, 8.0, 3420, 'Unbowed, Unbent, Unbroken'),(3866846, 944947, 7, 5, 9.0, 3420, 'The Gift'),(3866850, 944947, 8, 5, 9.9, 3420, 'Hardhome'),(3866826, 944947, 9, 5, 9.5, 3420, 'The Dance of Dragons'),(3866862, 944947, 10, 5, 9.1, 3420, 'Mother\'s Mercy'),(3658014, 944947, 1, 6, 8.5, 3420, 'The Red Woman'),(4077554, 944947, 2, 6, 9.4, 3420, 'Home'),(4131606, 944947, 3, 6, 8.7, 3420, 'Oathbreaker'),(4283016, 944947, 4, 6, 9.1, 3420, 'Book of the Stranger'),(4283028, 944947, 5, 6, 9.7, 3420, 'The Door'),(4283054, 944947, 6, 6, 8.4, 3420, 'Blood of My Blood'),(4283060, 944947, 7, 6, 8.6, 3420, 'The Broken Man'),(4283074, 944947, 8, 6, 8.4, 3420, 'No One'),(4283088, 944947, 9, 6, 9.9, 3420, 'Battle of the Bastards'),(4283094, 944947, 10, 6, 9.9, 3420, 'The Winds of Winter'),(5654088, 944947, 1, 7, 8.6, 3420, 'Dragonstone'),(5655178, 944947, 2, 7, 8.9, 3420, 'Stormborn'),(5775840, 944947, 3, 7, 9.2, 3420, 'The Queen\'s Justice'),(5775846, 944947, 4, 7, 9.8, 3420, 'The Spoils of War'),(5775854, 944947, 5, 7, 8.8, 3420, 'Eastwatch'),(5775864, 944947, 6, 7, 9.0, 3420, 'Beyond the Wall'),(5775874, 944947, 7, 7, 9.4, 3420, 'The Dragon and the Wolf'),(5924366, 944947, 1, 8, 7.6, 3420, 'Winterfell'),(6027908, 944947, 2, 8, 7.9, 3420, 'A Knight of the Seven Kingdoms'),(6027912, 944947, 3, 8, 7.5, 3420, 'The Long Night'),(6027914, 944947, 4, 8, 5.5, 3420, 'The Last of the Starks'),(6027916, 944947, 5, 8, 6.0, 3420, 'The Bells'),(6027920, 944947, 6, 8, 4.1, 3420, 'The Iron Throne'),(1780585, 1778108, 1, 1, 7.9, 3600, 'Pilot'),(1822069, 1778108, 2, 1, 8.0, 3600, 'Episode #1.2'),(1822071, 1778108, 4, 1, 8.1, 3600, 'Episode #1.4'),(1822072, 1778108, 5, 1, 8.3, 3600, 'Episode #1.5'),(1822073, 1778108, 6, 1, 8.7, 3600, 'Episode #1.6'),(2223419, 1778108, 1, 2, 8.3, 3600, 'Episode #2.1'),(2223421, 1778108, 2, 2, 8.4, 3600, 'Episode #2.2'),(2223423, 1778108, 3, 2, 8.5, 3600, 'Episode #2.3'),(2223425, 1778108, 4, 2, 8.5, 3600, 'Episode #2.4'),(2223427, 1778108, 5, 2, 8.6, 3600, 'Episode #2.5'),(2223429, 1778108, 6, 2, 8.7, 3600, 'Episode #2.6'),(756856, 92345, 1, 1, 8.1, 1380, 'Treasure of the Golden Suns: Don\'t Give Up the Ship'),(1052609, 92345, 3, 1, 8.1, 1380, 'Treasure of the Golden Suns: Three Ducks of the Condor'),(1008179, 92345, 7, 1, 7.3, 1380, 'Luck o\' the Ducks'),(1008181, 92345, 10, 1, 8.2, 1380, 'Duck in the Iron Mask'),(1008180, 92345, 11, 1, 8.1, 1380, 'Much Ado About Scrooge'),(948893, 92345, 27, 1, 8.5, 1380, 'Catch as Cash Can: Part 1 - A Drain on the Economy'),(1052574, 92345, 32, 1, 7.5, 1380, 'Ducky Horror Picture Show'),(566949, 92345, 40, 1, 7.7, 1380, 'Sphinx for the Memories'),(1052556, 92345, 50, 1, 8.4, 1380, 'All Ducks on Deck'),(566943, 92345, 62, 1, 8.2, 1380, 'Hotel Strangeduck'),(1008178, 92345, 65, 1, 7.8, 1380, '\'Till Nephews Do Us Part'),(1052613, 92345, 5, 2, 7.5, 1380, 'Time Is Money: Part 5 - Ali Bubba\'s Cave'),(1052582, 92345, 6, 2, 8.0, 1380, 'Liquid Assets'),(1052577, 92345, 7, 2, 7.9, 1380, 'Frozen Assets'),(1052578, 92345, 8, 2, 7.7, 1380, 'Full Metal Duck'),(1052589, 92345, 4, 3, 7.7, 1380, 'New Gizmo-Kids on the Block'),(1108183, 92345, 7, 4, 8.4, 1380, 'The Golden Goose: Part 2'),(2340185, 2193021, 1, 1, 8.5, 2520, 'Pilot'),(2310910, 2193021, 2, 1, 8.2, 2520, 'Honor Thy Father'),(2310914, 2193021, 3, 1, 8.5, 2520, 'Lone Gunmen'),(2319602, 2193021, 4, 1, 8.4, 2520, 'An Innocent Man'),(2338426, 2193021, 5, 1, 8.7, 2520, 'Damaged'),(2377368, 2193021, 6, 1, 8.1, 2520, 'Legacies'),(2395358, 2193021, 7, 1, 8.4, 2520, 'Muse of Fire'),(2423266, 2193021, 8, 1, 8.3, 2520, 'Vendetta'),(2448164, 2193021, 9, 1, 8.4, 2520, 'Year\'s End'),(2467064, 2193021, 10, 1, 8.0, 2520, 'Burned'),(2496078, 2193021, 11, 1, 8.2, 2520, 'Trust But Verify'),(2519404, 2193021, 12, 1, 8.6, 2520, 'Vertigo'),(2527342, 2193021, 13, 1, 8.6, 2520, 'Betrayal'),(2561472, 2193021, 14, 1, 8.9, 2520, 'The Odyssey'),(2605292, 2193021, 15, 1, 8.1, 2520, 'Dodger'),(2633630, 2193021, 16, 1, 8.8, 2520, 'Dead to Rights'),(2654070, 2193021, 17, 1, 8.3, 2520, 'The Huntress Returns'),(2698256, 2193021, 18, 1, 8.5, 2520, 'Salvation'),(2712930, 2193021, 19, 1, 8.4, 2520, 'Unfinished Business'),(2761432, 2193021, 20, 1, 8.6, 2520, 'Home Invasion'),(2761428, 2193021, 21, 1, 8.8, 2520, 'The Undertaking'),(2761434, 2193021, 22, 1, 9.1, 2520, 'Darkness on the Edge of Town'),(2761440, 2193021, 23, 1, 9.5, 2520, 'Sacrifice'),(2702698, 2193021, 1, 2, 8.7, 2520, 'City of Heroes'),(3077106, 2193021, 2, 2, 8.5, 2520, 'Identity'),(3126166, 2193021, 3, 2, 8.8, 2520, 'Broken Dolls'),(3126168, 2193021, 4, 2, 8.7, 2520, 'Crucible'),(3128398, 2193021, 5, 2, 8.9, 2520, 'League of Assassins'),(3213782, 2193021, 6, 2, 8.6, 2520, 'Keep Your Enemies Closer'),(3213864, 2193021, 7, 2, 8.7, 2520, 'State v. Queen'),(3229412, 2193021, 8, 2, 9.1, 2520, 'The Scientist'),(3229414, 2193021, 9, 2, 9.3, 2520, 'Three Ghosts'),(3229416, 2193021, 10, 2, 8.5, 2520, 'Blast Radius'),(3263826, 2193021, 11, 2, 8.7, 2520, 'Blind Spot'),(3263824, 2193021, 12, 2, 8.8, 2520, 'Tremors'),(3263832, 2193021, 13, 2, 8.8, 2520, 'Heir to the Demon'),(3337656, 2193021, 14, 2, 8.9, 2520, 'Time of Death'),(3337658, 2193021, 15, 2, 9.2, 2520, 'The Promise'),(3337660, 2193021, 16, 2, 8.6, 2520, 'Suicide Squad'),(3337662, 2193021, 17, 2, 8.4, 2520, 'Birds of Prey'),(3535114, 2193021, 18, 2, 9.3, 2520, 'Deathstroke'),(3337666, 2193021, 19, 2, 9.0, 2520, 'The Man Under the Hood'),(3337668, 2193021, 20, 2, 9.4, 2520, 'Seeing Red'),(3337670, 2193021, 21, 2, 9.0, 2520, 'City of Blood'),(3337672, 2193021, 22, 2, 9.3, 2520, 'Streets of Fire'),(3337674, 2193021, 23, 2, 9.5, 2520, 'Unthinkable'),(3532626, 2193021, 1, 3, 8.9, 2520, 'The Calm'),(3856758, 2193021, 2, 3, 8.5, 2520, 'Sara'),(3879318, 2193021, 3, 3, 8.3, 2520, 'Corto Maltese'),(3919146, 2193021, 4, 3, 8.5, 2520, 'The Magician'),(3956512, 2193021, 5, 3, 8.6, 2520, 'The Secret Origin of Felicity Smoak'),(4006586, 2193021, 6, 3, 8.4, 2520, 'Guilty'),(4006576, 2193021, 7, 3, 8.1, 2520, 'Draw Back Your Bow'),(4006578, 2193021, 8, 3, 9.2, 2520, 'The Brave and the Bold'),(4006548, 2193021, 9, 3, 9.7, 2520, 'The Climb'),(4006582, 2193021, 10, 3, 8.6, 2520, 'Left Behind'),(4006570, 2193021, 11, 3, 8.2, 2520, 'Midnight City'),(4006574, 2193021, 12, 3, 8.7, 2520, 'Uprising'),(4006572, 2193021, 13, 3, 8.5, 2520, 'Canaries'),(4006600, 2193021, 14, 3, 8.5, 2520, 'The Return'),(4006588, 2193021, 15, 3, 8.9, 2520, 'Nanda Parbat'),(4006594, 2193021, 16, 3, 8.5, 2520, 'The Offer'),(4006606, 2193021, 17, 3, 8.6, 2520, 'Suicidal Tendencies'),(4006596, 2193021, 18, 3, 9.0, 2520, 'Public Enemy'),(4006602, 2193021, 19, 3, 9.1, 2520, 'Broken Arrow'),(4006584, 2193021, 20, 3, 8.8, 2520, 'The Fallen'),(4006598, 2193021, 21, 3, 8.6, 2520, 'Al Sah-Him'),(4006590, 2193021, 22, 3, 8.9, 2520, 'This Is Your Sword'),(4006604, 2193021, 23, 3, 8.2, 2520, 'My Name Is Oliver Queen'),(4345922, 2193021, 1, 4, 8.4, 2520, 'Green Arrow'),(4765782, 2193021, 2, 4, 8.2, 2520, 'The Candidate'),(4846212, 2193021, 3, 4, 8.3, 2520, 'Restoration'),(4854000, 2193021, 4, 4, 8.4, 2520, 'Beyond Redemption'),(4859064, 2193021, 5, 4, 8.9, 2520, 'Haunted'),(4859298, 2193021, 6, 4, 8.2, 2520, 'Lost Souls'),(4859296, 2193021, 7, 4, 8.1, 2520, 'Brotherhood'),(4859300, 2193021, 8, 4, 9.1, 2520, 'Legends of Yesterday'),(4859302, 2193021, 9, 4, 9.0, 2520, 'Dark Waters'),(4862532, 2193021, 10, 4, 8.1, 2520, 'Blood Debts'),(4862534, 2193021, 11, 4, 8.0, 2520, 'A.W.O.L.'),(4862538, 2193021, 12, 4, 8.3, 2520, 'Unchained'),(4862536, 2193021, 13, 4, 8.3, 2520, 'Sins of the Father'),(4862542, 2193021, 14, 4, 7.9, 2520, 'Code of Silence'),(4862540, 2193021, 15, 4, 8.3, 2520, 'Taken'),(4862544, 2193021, 16, 4, 6.3, 2520, 'Broken Hearts'),(4862546, 2193021, 17, 4, 6.7, 2520, 'Beacon of Hope'),(4862552, 2193021, 18, 4, 7.2, 2520, 'Eleven-Fifty-Nine'),(4862550, 2193021, 19, 4, 6.8, 2520, 'Canary Cry'),(4862548, 2193021, 20, 4, 7.5, 2520, 'Genesis'),(4862556, 2193021, 21, 4, 7.2, 2520, 'Monument Point'),(4862558, 2193021, 22, 4, 7.1, 2520, 'Lost in the Flood'),(4862554, 2193021, 23, 4, 5.6, 2520, 'Schism'),(5540390, 2193021, 1, 5, 8.4, 2520, 'Legacy'),(5584142, 2193021, 2, 5, 8.5, 2520, 'The Recruits'),(5584144, 2193021, 3, 5, 8.4, 2520, 'A Matter of Trust'),(5584146, 2193021, 4, 5, 8.4, 2520, 'Penance'),(5584148, 2193021, 5, 5, 8.8, 2520, 'Human Target'),(5584150, 2193021, 6, 5, 8.5, 2520, 'So It Begins'),(5584152, 2193021, 7, 5, 8.5, 2520, 'Vigilante'),(5584154, 2193021, 8, 5, 9.1, 2520, 'Invasion!'),(5584160, 2193021, 10, 5, 8.0, 2520, 'Who Are You?'),(5584162, 2193021, 11, 5, 8.4, 2520, 'Second Chances'),(5607494, 2193021, 12, 5, 8.3, 2520, 'Bratva'),(5607500, 2193021, 13, 5, 7.6, 2520, 'Spectre of the Gun'),(5607504, 2193021, 14, 5, 8.0, 2520, 'The Sin-Eater'),(5607508, 2193021, 15, 5, 8.7, 2520, 'Fighting Fire with Fire'),(5607510, 2193021, 16, 5, 9.1, 2520, 'Checkmate'),(5607512, 2193021, 17, 5, 9.3, 2520, 'Kapiushon'),(5607516, 2193021, 18, 5, 8.7, 2520, 'Disbanded'),(5607518, 2193021, 19, 5, 7.9, 2520, 'Dangerous Liaisons'),(5607522, 2193021, 20, 5, 7.7, 2520, 'Underneath'),(5607524, 2193021, 21, 5, 8.2, 2520, 'Honor Thy Fathers'),(5607526, 2193021, 22, 5, 9.1, 2520, 'Missing'),(5584166, 2193021, 23, 5, 9.7, 2520, 'Lian Yu'),(6403458, 2193021, 1, 6, 7.9, 2520, 'Fallout'),(6493654, 2193021, 2, 6, 8.0, 2520, 'Tribute'),(6493656, 2193021, 3, 6, 8.1, 2520, 'Next of Kin'),(6493658, 2193021, 4, 6, 7.4, 2520, 'Reversal'),(6493662, 2193021, 5, 6, 8.7, 2520, 'Deathstroke Returns'),(6493664, 2193021, 6, 6, 8.5, 2520, 'Promises Kept'),(6493666, 2193021, 7, 6, 8.2, 2520, 'Thanksgiving'),(6493668, 2193021, 8, 6, 9.0, 2520, 'Crisis on Earth-X, Part 2'),(6493670, 2193021, 9, 6, 7.5, 2520, 'Irreconcilable Differences'),(6493672, 2193021, 10, 6, 7.7, 2520, 'Divided'),(6493676, 2193021, 11, 6, 7.7, 2520, 'We Fall'),(6493678, 2193021, 12, 6, 8.4, 2520, 'All for Nothing'),(6493680, 2193021, 13, 6, 8.7, 2520, 'The Devil\'s Greatest Trick'),(6493682, 2193021, 14, 6, 7.6, 2520, 'Collision Course'),(6493688, 2193021, 15, 6, 8.4, 2520, 'Doppelgänger'),(6493686, 2193021, 16, 6, 8.3, 2520, 'The Thanatos Guild'),(6493692, 2193021, 17, 6, 8.1, 2520, 'Brothers in Arms'),(6493690, 2193021, 18, 6, 8.9, 2520, 'Fundamentals'),(6493694, 2193021, 19, 6, 8.2, 2520, 'The Dragon'),(6493696, 2193021, 20, 6, 8.1, 2520, 'Shifting Allegiances'),(6493698, 2193021, 21, 6, 9.0, 2520, 'Docket No. 11-19-41-73'),(6493700, 2193021, 22, 6, 8.7, 2520, 'The Ties That Bind'),(6493702, 2193021, 23, 6, 8.8, 2520, 'Life Sentence'),(7508706, 2193021, 2, 7, 8.3, 2520, 'The Longbow Hunters'),(7508614, 2193021, 3, 7, 8.6, 2520, 'Crossing Lines'),(7508730, 2193021, 4, 7, 8.3, 2520, 'Level Two'),(7508746, 2193021, 5, 7, 8.7, 2520, 'The Demon'),(7508628, 2193021, 6, 7, 8.7, 2520, 'Due Process'),(7508606, 2193021, 7, 7, 9.6, 2520, 'The Slabside Redemption'),(7508702, 2193021, 9, 7, 9.2, 2520, 'Elseworlds, Part 2'),(7508736, 2193021, 10, 7, 7.8, 2520, 'My Name Is Emiko Queen'),(7508632, 2193021, 11, 7, 8.3, 2520, 'Past Sins'),(7508650, 2193021, 12, 7, 8.9, 2520, 'Emerald Archer'),(7508738, 2193021, 13, 7, 8.3, 2520, 'Star City Slayer'),(7508618, 2193021, 15, 7, 8.2, 2520, 'Training Day'),(7508744, 2193021, 17, 7, 9.2, 2520, 'Inheritance'),(7508638, 2193021, 18, 7, 5.0, 2520, 'Lost Canary'),(7508752, 2193021, 19, 7, 7.8, 2520, 'Spartan'),(7508754, 2193021, 20, 7, 5.0, 2520, 'Confessions'),(7508728, 2193021, 21, 7, 8.8, 2520, 'Living Proof'),(7508750, 2193021, 22, 7, 8.8, 2520, 'You Have Saved This City'),(9700174, 2193021, 2, 8, 9.2, 2520, 'Welcome to Hong Kong'),(9700172, 2193021, 3, 8, 9.2, 2520, 'Leap of Faith'),(9700176, 2193021, 4, 8, 9.3, 2520, 'Present Tense'),(9700178, 2193021, 5, 8, 8.7, 2520, 'Prochnost'),(9700180, 2193021, 6, 8, 9.1, 2520, 'Reset'),(9700190, 2193021, 7, 8, 9.1, 2520, 'Purgatory'),(9700188, 2193021, 9, 8, 5.0, 2520, 'Green Arrow & the Canaries'),(9700192, 2193021, 10, 8, 9.6, 2520, 'Fadeout'),(2168670, 1865718, 2, 1, 8.1, 1380, 'The Legend of the Gobblewonker'),(2168676, 1865718, 3, 1, 8.1, 1380, 'Headhunters'),(2229194, 1865718, 4, 1, 8.0, 1380, 'The Hand That Rocks the Mabel'),(2229196, 1865718, 5, 1, 8.8, 1380, 'The Inconveniencing'),(2229192, 1865718, 6, 1, 8.0, 1380, 'Dipper vs. Manliness'),(2267658, 1865718, 7, 1, 8.8, 1380, 'Double Dipper'),(2267660, 1865718, 8, 1, 8.5, 1380, 'Irrational Treasure'),(2340344, 1865718, 10, 1, 8.7, 1380, 'Fight Fighters'),(2340350, 1865718, 11, 1, 8.1, 1380, 'Little Dipper'),(2439428, 1865718, 12, 1, 8.7, 1380, 'Summerween'),(2468818, 1865718, 13, 1, 8.0, 1380, 'Boss Mabel'),(2717560, 1865718, 14, 1, 8.4, 1380, 'Bottomless Pit'),(2717562, 1865718, 15, 1, 8.0, 1380, 'The Deep End'),(2717564, 1865718, 16, 1, 8.7, 1380, 'Carpet Diem'),(2813658, 1865718, 17, 1, 7.7, 1380, 'Boyz Crazy'),(2973488, 1865718, 18, 1, 8.6, 1380, 'Land Before Swine'),(3031772, 1865718, 19, 1, 9.3, 1380, 'Dreamscaperers'),(3054596, 1865718, 20, 1, 9.3, 1380, 'Gideon Rises'),(3780836, 1865718, 1, 2, 8.9, 1380, 'Scary-oke'),(3802848, 1865718, 2, 2, 9.3, 1380, 'Into the Bunker'),(3918432, 1865718, 3, 2, 8.4, 1380, 'The Golf War'),(3918438, 1865718, 4, 2, 8.7, 1380, 'Sock Opera'),(4054258, 1865718, 5, 2, 8.8, 1380, 'Soos and the Real Girl'),(4082996, 1865718, 6, 2, 8.2, 1380, 'Little Gift Shop of Horrors'),(4074470, 1865718, 7, 2, 9.1, 1380, 'Society of the Blind Eye'),(4192532, 1865718, 8, 2, 9.1, 1380, 'Blendin\'s Game'),(4192536, 1865718, 9, 2, 7.9, 1380, 'The Love God'),(4373958, 1865718, 10, 2, 9.3, 1380, 'Northwest Mansion Mystery'),(4460256, 1865718, 11, 2, 9.8, 1380, 'Not What He Seems'),(4575574, 1865718, 12, 2, 9.6, 1380, 'A Tale of Two Stans'),(4823986, 1865718, 13, 2, 8.6, 1380, 'Dungeons, Dungeons, & More Dungeons'),(4843660, 1865718, 14, 2, 8.7, 1380, 'Stanchurian Candidate'),(4938792, 1865718, 15, 2, 9.0, 1380, 'The Last Mabelcorn'),(4938796, 1865718, 16, 2, 8.3, 1380, 'Roadside Attraction'),(5045754, 1865718, 17, 2, 9.5, 1380, 'Dipper & Mabel vs. the Future'),(5107700, 1865718, 18, 2, 9.6, 1380, 'Weirdmageddon: Part 1'),(5153882, 1865718, 19, 2, 9.3, 1380, 'Weirdmageddon 2: Escape from Reality'),(5153884, 1865718, 20, 2, 9.8, 1380, 'Weirdmageddon 3: Take Back the Falls'),(5201122, 1865718, 21, 2, 5.0, 1380, 'The End of Gravity Falls'),(1503241, 1439629, 2, 1, 8.0, 1320, 'Spanish 101'),(1480354, 1439629, 3, 1, 8.3, 1320, 'Introduction to Film'),(1527326, 1439629, 4, 1, 8.2, 1320, 'Social Psychology'),(1515324, 1439629, 5, 1, 7.9, 1320, 'Advanced Criminal Law'),(1528909, 1439629, 7, 1, 8.8, 1320, 'Introduction to Statistics'),(1531446, 1439629, 8, 1, 8.0, 1320, 'Home Economics'),(1531175, 1439629, 9, 1, 8.9, 1320, 'Debate 109'),(1544667, 1439629, 10, 1, 8.3, 1320, 'Environmental Science'),(1550378, 1439629, 11, 1, 8.0, 1320, 'Politics of Human Sexuality'),(1559103, 1439629, 12, 1, 8.5, 1320, 'Comparative Religion'),(1575766, 1439629, 13, 1, 8.1, 1320, 'Investigative Journalism'),(1584204, 1439629, 14, 1, 8.0, 1320, 'Interpretive Dance'),(1593849, 1439629, 15, 1, 8.2, 1320, 'Romantic Expressionism'),(1593848, 1439629, 16, 1, 8.6, 1320, 'Communication Studies'),(1612641, 1439629, 18, 1, 8.1, 1320, 'Basic Genealogy'),(1619954, 1439629, 20, 1, 8.5, 1320, 'The Science of Illusion'),(1628912, 1439629, 21, 1, 9.3, 1320, 'Contemporary American Poultry'),(1595996, 1439629, 23, 1, 9.8, 1320, 'Modern Warfare'),(1628195, 1439629, 24, 1, 8.2, 1320, 'English as a Second Language'),(1652486, 1439629, 25, 1, 8.6, 1320, 'Pascal\'s Triangle Revisited'),(1640852, 1439629, 1, 2, 8.7, 1320, 'Anthropology 101'),(1640868, 1439629, 2, 2, 8.3, 1320, 'Accounting for Lawyers'),(1640863, 1439629, 3, 2, 8.1, 1320, 'The Psychology of Letting Go'),(1640869, 1439629, 4, 2, 8.8, 1320, 'Basic Rocket Science'),(1640870, 1439629, 5, 2, 7.8, 1320, 'Messianic Myths and Ancient Peoples'),(1640871, 1439629, 6, 2, 9.3, 1320, 'Epidemiology'),(1640872, 1439629, 7, 2, 8.5, 1320, 'Aerodynamics of Gender'),(1640873, 1439629, 8, 2, 9.1, 1320, 'Cooperative Calligraphy'),(1640874, 1439629, 9, 2, 9.4, 1320, 'Conspiracy Theories and Interior Design'),(1640853, 1439629, 10, 2, 8.5, 1320, 'Mixology Certification'),(1640854, 1439629, 11, 2, 8.8, 1320, 'Abed\'s Uncontrollable Christmas'),(1640856, 1439629, 13, 2, 7.9, 1320, 'Celebrity Pharmacology 212'),(1824317, 1439629, 14, 2, 9.5, 1320, 'Advanced Dungeons & Dragons'),(1640857, 1439629, 15, 2, 8.2, 1320, 'Early 21st Century Romanticism'),(1640858, 1439629, 16, 2, 8.8, 1320, 'Intermediate Documentary Filmmaking'),(1640860, 1439629, 17, 2, 8.3, 1320, 'Intro to Political Science'),(1640862, 1439629, 19, 2, 9.0, 1320, 'Critical Film Studies'),(1640864, 1439629, 20, 2, 7.7, 1320, 'Competitive Wine Tasting'),(1640865, 1439629, 21, 2, 8.9, 1320, 'Paradigms of Human Memory'),(1640866, 1439629, 22, 2, 8.0, 1320, 'Applied Anthropology and Culinary Arts'),(1640867, 1439629, 23, 2, 9.7, 1320, 'A Fistful of Paintballs'),(1862636, 1439629, 24, 2, 9.6, 1320, 'For a Few Paintballs More'),(1986325, 1439629, 1, 3, 8.2, 1320, 'Biology 101'),(2060962, 1439629, 2, 3, 8.2, 1320, 'Geography of Global Conflict'),(2063144, 1439629, 3, 3, 8.1, 1320, 'Competitive Ecology'),(2060963, 1439629, 4, 3, 9.8, 1320, 'Remedial Chaos Theory'),(2063145, 1439629, 5, 3, 8.8, 1320, 'Horror Fiction in Seven Spooky Steps'),(2049724, 1439629, 6, 3, 7.7, 1320, 'Advanced Gay'),(2083482, 1439629, 7, 3, 8.6, 1320, 'Studies in Modern Movement'),(2083483, 1439629, 8, 3, 9.0, 1320, 'Documentary Filmmaking: Redux'),(2080563, 1439629, 9, 3, 8.5, 1320, 'Foosball and Nocturnal Vigilantism'),(2115706, 1439629, 9, 3, 8.4, 1320, 'Foosball and Nocturnal Vigilantism'),(2105238, 1439629, 10, 3, 8.7, 1320, 'Regional Holiday Music'),(2090774, 1439629, 12, 3, 8.2, 1320, 'Contemporary Impressionists'),(2128972, 1439629, 13, 3, 8.3, 1320, 'Digital Exploration of Interior Design'),(2127579, 1439629, 14, 3, 9.3, 1320, 'Pillows and Blankets'),(2194835, 1439629, 15, 3, 8.3, 1320, 'Origins of Vampire Mythology'),(2194837, 1439629, 16, 3, 8.7, 1320, 'Virtual Systems Analysis'),(2194839, 1439629, 17, 3, 9.4, 1320, 'Basic Lupine Urology'),(2192103, 1439629, 18, 3, 8.3, 1320, 'Course Listing Unavailable'),(2196353, 1439629, 19, 3, 9.2, 1320, 'Curriculum Unavailable'),(2383315, 1439629, 20, 3, 9.5, 1320, 'Digital Estate Planning'),(2279599, 1439629, 21, 3, 9.1, 1320, 'The First Chang Dynasty'),(2383317, 1439629, 22, 3, 8.9, 1320, 'Introduction to Finality'),(2295962, 1439629, 1, 4, 7.4, 1320, 'History 101'),(2371360, 1439629, 2, 4, 7.7, 1320, 'Paranormal Parentage'),(2672790, 1439629, 3, 4, 7.4, 1320, 'Conventions of Space and Time'),(2699318, 1439629, 4, 4, 7.3, 1320, 'Alternative History of the German Invasion'),(2712482, 1439629, 5, 4, 7.6, 1320, 'Cooperative Escapism in Familial Relations'),(2717182, 1439629, 6, 4, 7.6, 1320, 'Advanced Documentary Filmmaking'),(2764048, 1439629, 7, 4, 6.9, 1320, 'Economics of Marine Biology'),(2777464, 1439629, 8, 4, 8.0, 1320, 'Herstory of Dance'),(2578322, 1439629, 10, 4, 7.7, 1320, 'Intro to Knots'),(2522288, 1439629, 11, 4, 8.1, 1320, 'Basic Human Anatomy'),(2560884, 1439629, 12, 4, 8.2, 1320, 'Heroic Origins'),(2855096, 1439629, 13, 4, 7.9, 1320, 'Advanced Introduction to Finality'),(2911368, 1439629, 1, 5, 8.1, 1320, 'Repilot'),(3176520, 1439629, 2, 5, 8.7, 1320, 'Introduction to Teaching'),(3230996, 1439629, 3, 5, 9.0, 1320, 'Basic Intergluteal Numismatics'),(3278566, 1439629, 4, 5, 9.2, 1320, 'Cooperative Polygraphy'),(3278574, 1439629, 5, 5, 9.4, 1320, 'Geothermal Escapism'),(3278580, 1439629, 6, 5, 8.3, 1320, 'Analysis of Cork-Based Networking'),(3278586, 1439629, 7, 5, 8.0, 1320, 'Bondage and Beta Male Sexuality'),(3278596, 1439629, 8, 5, 9.0, 1320, 'App Development and Condiments'),(3278600, 1439629, 9, 5, 8.1, 1320, 'VCR Maintenance and Educational Publishing'),(3313070, 1439629, 10, 5, 8.5, 1320, 'Advanced Advanced Dungeons & Dragons'),(3313074, 1439629, 11, 5, 8.1, 1320, 'G.I. Jeff'),(3313082, 1439629, 13, 5, 8.3, 1320, 'Basic Sandwich'),(3840022, 1439629, 1, 6, 8.0, 1320, 'Ladders'),(4242868, 1439629, 2, 6, 7.7, 1320, 'Lawnmower Maintenance & Postnatal Care'),(4242870, 1439629, 3, 6, 8.0, 1320, 'Basic Crisis Room Decorum'),(4242872, 1439629, 4, 6, 8.1, 1320, 'Queer Studies & Advanced Waxing'),(4242876, 1439629, 5, 6, 8.0, 1320, 'Laws of Robotics & Party Rights'),(4242880, 1439629, 6, 6, 7.9, 1320, 'Basic Email Security'),(4242884, 1439629, 7, 6, 7.6, 1320, 'Advanced Safety Features'),(4242890, 1439629, 8, 6, 8.1, 1320, 'Intro to Recycled Cinema'),(4242896, 1439629, 11, 6, 9.1, 1320, 'Modern Espionage'),(4242898, 1439629, 12, 6, 8.7, 1320, 'Wedding Videography'),(3898640, 1439629, 13, 6, 9.6, 1320, 'Emotional Consequences of Broadcast Television'),(4593118, 4574334, 1, 1, 8.6, 3060, 'Chapter One: The Vanishing of Will Byers'),(4593122, 4574334, 2, 1, 8.5, 3060, 'Chapter Two: The Weirdo on Maple Street'),(4593126, 4574334, 3, 1, 8.9, 3060, 'Chapter Three: Holly, Jolly'),(4593124, 4574334, 4, 1, 9.0, 3060, 'Chapter Four: The Body'),(4593128, 4574334, 5, 1, 8.8, 3060, 'Chapter Five: The Flea and the Acrobat'),(4593132, 4574334, 6, 1, 8.9, 3060, 'Chapter Six: The Monster'),(4593134, 4574334, 7, 1, 9.1, 3060, 'Chapter Seven: The Bathtub'),(4593138, 4574334, 8, 1, 9.4, 3060, 'Chapter Eight: The Upside Down'),(6020684, 4574334, 1, 2, 8.3, 3060, 'Chapter One: MADMAX'),(6020792, 4574334, 2, 2, 8.4, 3060, 'Chapter Two: Trick or Treat, Freak'),(6020796, 4574334, 3, 2, 8.7, 3060, 'Chapter Three: The Pollywog'),(6020802, 4574334, 4, 2, 8.7, 3060, 'Chapter Four: Will the Wise'),(6020806, 4574334, 5, 2, 8.9, 3060, 'Chapter Five: Dig Dug'),(6020808, 4574334, 6, 2, 9.2, 3060, 'Chapter Six: The Spy'),(6020810, 4574334, 7, 2, 6.1, 3060, 'Chapter Seven: The Lost Sister'),(6020812, 4574334, 8, 2, 9.3, 3060, 'Chapter Eight: The Mind Flayer'),(6020876, 4574334, 9, 2, 9.4, 3060, 'Chapter Nine: The Gate'),(7445494, 4574334, 1, 3, 7.9, 3060, 'Chapter One: Suzie, Do You Copy?'),(7640050, 4574334, 2, 3, 8.1, 3060, 'Chapter Two: The Mall Rats'),(7911866, 4574334, 3, 3, 8.5, 3060, 'Chapter Three: The Case of the Missing Lifeguard'),(7911884, 4574334, 4, 3, 9.0, 3060, 'Chapter Four: The Sauna Test'),(7911894, 4574334, 5, 3, 8.6, 3060, 'Chapter Five: The Flayed'),(7911914, 4574334, 6, 3, 8.7, 3060, 'Chapter Six: E Pluribus Unum'),(7911930, 4574334, 7, 3, 8.8, 3060, 'Chapter Seven: The Bite'),(7911942, 4574334, 8, 3, 9.3, 3060, 'Chapter Eight: The Battle of Starcourt'),(9095424, 8111088, 1, 1, 8.7, 1800, 'Chapter 1: The Mandalorian'),(9121530, 8111088, 2, 1, 8.7, 1800, 'Chapter 2: The Child'),(9121534, 8111088, 3, 1, 9.1, 1800, 'Chapter 3: The Sin'),(9121536, 8111088, 4, 1, 7.8, 1800, 'Chapter 4: Sanctuary'),(9121538, 8111088, 5, 1, 7.6, 1800, 'Chapter 5: The Gunslinger'),(9121542, 8111088, 6, 1, 8.4, 1800, 'Chapter 6: The Prisoner'),(9121544, 8111088, 7, 1, 9.2, 1800, 'Chapter 7: The Reckoning'),(9121546, 8111088, 8, 1, 9.4, 1800, 'Chapter 8: Redemption'),(11150494, 8111088, 1, 2, 5.0, 1800, 'Episode #2.1'),(583459, 108778, 1, 1, 8.4, 1320, 'The One Where Monica Gets a Roommate'),(583647, 108778, 2, 1, 8.1, 1320, 'The One with the Sonogram at the End'),(583653, 108778, 3, 1, 8.2, 1320, 'The One with the Thumb'),(583521, 108778, 4, 1, 8.1, 1320, 'The One with George Stephanopoulos'),(583599, 108778, 5, 1, 8.5, 1320, 'The One with the East German Laundry Detergent'),(583579, 108778, 7, 1, 9.0, 1320, 'The One with the Blackout'),(583462, 108778, 8, 1, 8.1, 1320, 'The One Where Nana Dies Twice'),(583492, 108778, 9, 1, 8.2, 1320, 'The One Where Underdog Gets Away'),(583630, 108778, 10, 1, 8.1, 1320, 'The One with the Monkey'),(583534, 108778, 11, 1, 8.2, 1320, 'The One with Mrs. Bing'),(583598, 108778, 12, 1, 8.3, 1320, 'The One with the Dozen Lasagnas'),(583582, 108778, 13, 1, 8.7, 1320, 'The One with the Boobies'),(583587, 108778, 14, 1, 8.3, 1320, 'The One with the Candy Hearts'),(583649, 108778, 15, 1, 8.3, 1320, 'The One with the Stoned Guy'),(583568, 108778, 16, 1, 8.2, 1320, 'The One with Two Parts: Part 1'),(583569, 108778, 17, 1, 8.5, 1320, 'The One with Two Parts: Part 2'),(583510, 108778, 18, 1, 8.9, 1320, 'The One with All the Poker'),(583493, 108778, 19, 1, 8.2, 1320, 'The One Where the Monkey Gets Away'),(583602, 108778, 20, 1, 8.0, 1320, 'The One with the Evil Orthodontist'),(583603, 108778, 21, 1, 7.9, 1320, 'The One with the Fake Monica'),(583616, 108778, 22, 1, 8.3, 1320, 'The One with the Ick Factor'),(583577, 108778, 23, 1, 8.7, 1320, 'The One with the Birth'),(583469, 108778, 24, 1, 8.9, 1320, 'The One Where Rachel Finds Out'),(583562, 108778, 1, 2, 8.5, 1320, 'The One with Ross\'s New Girlfriend'),(583583, 108778, 2, 2, 8.2, 1320, 'The One with the Breast Milk'),(583453, 108778, 3, 2, 8.4, 1320, 'The One Where Heckles Dies'),(583539, 108778, 4, 2, 8.0, 1320, 'The One with Phoebe\'s Husband'),(583519, 108778, 5, 2, 8.3, 1320, 'The One with Five Steaks and an Eggplant'),(583574, 108778, 6, 2, 8.6, 1320, 'The One with the Baby on the Bus'),(583481, 108778, 7, 2, 9.0, 1320, 'The One Where Ross Finds Out'),(583625, 108778, 8, 2, 8.5, 1320, 'The One with the List'),(583537, 108778, 9, 2, 8.0, 1320, 'The One with Phoebe\'s Dad'),(583567, 108778, 10, 2, 8.0, 1320, 'The One with Russ'),(583624, 108778, 11, 2, 8.1, 1320, 'The One with the Lesbian Wedding'),(583439, 108778, 12, 2, 8.6, 1320, 'The One After the Superbowl: Part 1'),(831047, 108778, 13, 2, 8.8, 1320, 'The One After the Superbowl: Part 2'),(583635, 108778, 14, 2, 9.4, 1320, 'The One with the Prom Video'),(583488, 108778, 15, 2, 8.9, 1320, 'The One Where Ross and Rachel... You Know'),(583456, 108778, 16, 2, 8.6, 1320, 'The One Where Joey Moves Out'),(583448, 108778, 17, 2, 8.3, 1320, 'The One Where Eddie Moves In'),(583447, 108778, 18, 2, 8.5, 1320, 'The One Where Dr. Ramoray Dies'),(583449, 108778, 19, 2, 8.6, 1320, 'The One Where Eddie Won\'t Go'),(583465, 108778, 20, 2, 8.2, 1320, 'The One Where Old Yeller Dies'),(583584, 108778, 21, 2, 8.2, 1320, 'The One with the Bullies'),(583656, 108778, 22, 2, 9.0, 1320, 'The One with the Two Parties'),(583591, 108778, 23, 2, 8.1, 1320, 'The One with the Chicken Pox'),(583514, 108778, 24, 2, 8.2, 1320, 'The One with Barry and Mindy\'s Wedding'),(583634, 108778, 1, 3, 8.4, 1320, 'The One with the Princess Leia Fantasy'),(583464, 108778, 2, 3, 9.0, 1320, 'The One Where No One\'s Ready'),(583619, 108778, 3, 3, 8.1, 1320, 'The One with the Jam'),(583629, 108778, 4, 3, 8.1, 1320, 'The One with the Metaphorical Tunnel'),(583520, 108778, 5, 3, 8.2, 1320, 'The One with Frank Jr.'),(583606, 108778, 6, 3, 9.1, 1320, 'The One with the Flashback'),(583637, 108778, 7, 3, 8.4, 1320, 'The One with the Race Car Bed'),(583609, 108778, 8, 3, 8.4, 1320, 'The One with the Giant Poking Device'),(583607, 108778, 9, 3, 9.0, 1320, 'The One with the Football'),(583474, 108778, 10, 3, 8.2, 1320, 'The One Where Rachel Quits'),(583443, 108778, 11, 3, 8.6, 1320, 'The One Where Chandler Can\'t Remember Which Sister'),(583506, 108778, 12, 3, 8.2, 1320, 'The One with All the Jealousy'),(583461, 108778, 13, 3, 8.2, 1320, 'The One Where Monica and Richard Are Just Friends'),(583538, 108778, 14, 3, 7.9, 1320, 'The One with Phoebe\'s Ex-Partner'),(583487, 108778, 15, 3, 8.6, 1320, 'The One Where Ross and Rachel Take a Break'),(583501, 108778, 16, 3, 9.1, 1320, 'The One with the Morning After'),(583495, 108778, 17, 3, 8.3, 1320, 'The One Without the Ski Trip'),(583615, 108778, 18, 3, 8.4, 1320, 'The One with the Hypnosis Tape'),(583654, 108778, 19, 3, 8.2, 1320, 'The One with the Tiny T-Shirt'),(583596, 108778, 20, 3, 8.1, 1320, 'The One with the Dollhouse'),(583590, 108778, 21, 3, 8.8, 1320, 'The One with the Chick and the Duck'),(583643, 108778, 22, 3, 8.3, 1320, 'The One with the Screamer'),(583565, 108778, 23, 3, 8.1, 1320, 'The One with Ross\'s Thing'),(583657, 108778, 24, 3, 8.2, 1320, 'The One with the Ultimate Fighting Champion'),(583496, 108778, 25, 3, 8.9, 1320, 'The One at the Beach'),(583620, 108778, 1, 4, 9.1, 1320, 'The One with the Jellyfish'),(583588, 108778, 2, 4, 8.1, 1320, 'The One with the Cat'),(583571, 108778, 3, 4, 8.5, 1320, 'The One with the \'Cuffs'),(583576, 108778, 4, 4, 8.2, 1320, 'The One with the Ballroom Dancing'),(583529, 108778, 5, 4, 8.4, 1320, 'The One with Joey\'s New Girlfriend'),(583444, 108778, 7, 4, 8.8, 1320, 'The One Where Chandler Crosses the Line'),(583515, 108778, 8, 4, 9.1, 1320, 'The One with Chandler in a Box'),(583490, 108778, 9, 4, 7.9, 1320, 'The One Where They\'re Going to Party!'),(583611, 108778, 10, 4, 8.1, 1320, 'The One with the Girl from Poughkeepsie'),(583541, 108778, 11, 4, 8.5, 1320, 'The One with Phoebe\'s Uterus'),(583600, 108778, 12, 4, 9.5, 1320, 'The One with the Embryos'),(583547, 108778, 13, 4, 8.3, 1320, 'The One with Rachel\'s Crush'),(583525, 108778, 14, 4, 8.3, 1320, 'The One with Joey\'s Dirty Day'),(583512, 108778, 15, 4, 8.5, 1320, 'The One with All the Rugby'),(583604, 108778, 16, 4, 8.2, 1320, 'The One with the Fake Party'),(583608, 108778, 17, 4, 8.6, 1320, 'The One with the Free Porn'),(583552, 108778, 18, 4, 8.3, 1320, 'The One with Rachel\'s New Dress'),(583505, 108778, 19, 4, 8.7, 1320, 'The One with All the Haste'),(583513, 108778, 20, 4, 8.5, 1320, 'The One with All the Wedding Dresses'),(583618, 108778, 21, 4, 7.3, 1320, 'The One with the Invitation'),(583659, 108778, 22, 4, 8.5, 1320, 'The One with the Worst Best Man Ever'),(583566, 108778, 23, 4, 8.7, 1320, 'The One with Ross\'s Wedding'),(831991, 108778, 24, 4, 9.2, 1320, 'The One with Ross\'s Wedding'),(583437, 108778, 1, 5, 8.9, 1320, 'The One After Ross Says Rachel'),(583507, 108778, 2, 5, 9.0, 1320, 'The One with All the Kissing'),(583440, 108778, 3, 5, 8.8, 1320, 'The One Hundredth'),(583467, 108778, 4, 5, 8.3, 1320, 'The One Where Phoebe Hates PBS'),(583622, 108778, 5, 5, 8.8, 1320, 'The One with the Kips'),(583660, 108778, 6, 5, 8.1, 1320, 'The One with the Yeti'),(583486, 108778, 7, 5, 8.4, 1320, 'The One Where Ross Moves In'),(583652, 108778, 8, 5, 9.2, 1320, 'The One with All the Thanksgivings'),(583563, 108778, 9, 5, 9.1, 1320, 'The One with Ross\'s Sandwich'),(583617, 108778, 10, 5, 8.2, 1320, 'The One with the Inappropriate Sister'),(583511, 108778, 11, 5, 9.1, 1320, 'The One with All the Resolutions'),(583517, 108778, 12, 5, 8.3, 1320, 'The One with Chandler\'s Work Laugh'),(583523, 108778, 13, 5, 8.1, 1320, 'The One with Joey\'s Bag'),(583452, 108778, 14, 5, 9.7, 1320, 'The One Where Everybody Finds Out'),(583610, 108778, 15, 5, 8.5, 1320, 'The One with the Girl Who Hits Joey'),(583593, 108778, 16, 5, 8.6, 1320, 'The One with the Cop'),(583551, 108778, 17, 5, 8.5, 1320, 'The One with Rachel\'s Inadvertent Kiss'),(583475, 108778, 18, 5, 8.0, 1320, 'The One Where Rachel Smokes'),(583479, 108778, 19, 5, 8.7, 1320, 'The One Where Ross Can\'t Flirt'),(583639, 108778, 20, 5, 8.3, 1320, 'The One with the Ride Along'),(583575, 108778, 21, 5, 8.5, 1320, 'The One with the Ball'),(583524, 108778, 22, 5, 8.3, 1320, 'The One with Joey\'s Big Break'),(583500, 108778, 23, 5, 8.8, 1320, 'The One in Vegas: Part 1'),(831990, 108778, 24, 5, 9.1, 1320, 'The One in Vegas: Part 2'),(583438, 108778, 1, 6, 8.7, 1320, 'The One After Vegas'),(583560, 108778, 3, 6, 8.2, 1320, 'The One with Ross\'s Denial'),(583455, 108778, 4, 6, 8.5, 1320, 'The One Where Joey Loses His Insurance'),(583530, 108778, 5, 6, 8.2, 1320, 'The One with Joey\'s Porsche'),(756481, 108778, 6, 6, 8.5, 1320, 'The One on the Last Night'),(583468, 108778, 7, 6, 8.4, 1320, 'The One Where Phoebe Runs'),(583559, 108778, 8, 6, 8.5, 1320, 'The One with Ross\' Teeth'),(583482, 108778, 9, 6, 9.2, 1320, 'The One Where Ross Got High'),(583641, 108778, 10, 6, 8.6, 1320, 'The One with the Routine'),(583572, 108778, 11, 6, 8.2, 1320, 'The One with the Apothecary Table'),(583621, 108778, 12, 6, 8.1, 1320, 'The One with the Joke'),(583555, 108778, 13, 6, 8.3, 1320, 'The One with Rachel\'s Sister'),(583502, 108778, 14, 6, 8.6, 1320, 'The One Where Chandler Can\'t Cry'),(583441, 108778, 15, 6, 8.6, 1320, 'The One That Could Have Been'),(583442, 108778, 16, 6, 8.6, 1320, 'The One That Could Have Been'),(583480, 108778, 18, 6, 8.3, 1320, 'The One Where Ross Dates a Student'),(583526, 108778, 19, 6, 8.4, 1320, 'The One with Joey\'s Fridge'),(756482, 108778, 20, 6, 7.4, 1320, 'The One with Mac and C.H.E.E.S.E.'),(583485, 108778, 21, 6, 8.6, 1320, 'The One Where Ross Meets Elizabeth\'s Dad'),(583466, 108778, 22, 6, 9.0, 1320, 'The One Where Paul\'s the Man'),(583640, 108778, 23, 6, 8.6, 1320, 'The One with the Ring'),(583636, 108778, 24, 6, 8.8, 1320, 'The One with the Proposal'),(954401, 108778, 25, 6, 9.3, 1320, 'The One with the Proposal'),(756483, 108778, 1, 7, 8.4, 1320, 'The One with Monica\'s Thunder'),(583546, 108778, 2, 7, 8.4, 1320, 'The One with Rachel\'s Book'),(583536, 108778, 3, 7, 8.2, 1320, 'The One with Phoebe\'s Cookies'),(583544, 108778, 4, 7, 8.2, 1320, 'The One with Rachel\'s Assistant'),(583601, 108778, 5, 7, 8.2, 1320, 'The One with the Engagement Picture'),(583632, 108778, 6, 7, 8.9, 1320, 'The One with the Nap Partners'),(583558, 108778, 7, 7, 8.5, 1320, 'The One with Ross\'s Library Book'),(583431, 108778, 8, 7, 8.2, 1320, 'The One Where Chandler Doesn\'t Like Dogs'),(583503, 108778, 9, 7, 8.2, 1320, 'The One with All the Candy'),(583613, 108778, 10, 7, 8.6, 1320, 'The One with the Holiday Armadillo'),(583504, 108778, 11, 7, 8.6, 1320, 'The One with All the Cheesecakes'),(583491, 108778, 12, 7, 8.7, 1320, 'The One Where They\'re Up All Night'),(583478, 108778, 13, 7, 8.5, 1320, 'The One Where Rosita Dies'),(583489, 108778, 14, 7, 8.6, 1320, 'The One Where They All Turn Thirty'),(583528, 108778, 15, 7, 8.4, 1320, 'The One with Joey\'s New Brain'),(583655, 108778, 16, 7, 8.7, 1320, 'The One with the Truth About London'),(583589, 108778, 17, 7, 8.4, 1320, 'The One with the Cheap Wedding Dress'),(583522, 108778, 18, 7, 8.5, 1320, 'The One with Joey\'s Award'),(583556, 108778, 19, 7, 8.7, 1320, 'The One with Ross and Monica\'s Cousin'),(583545, 108778, 20, 7, 8.4, 1320, 'The One with Rachel\'s Big Kiss'),(756484, 108778, 21, 7, 7.5, 1320, 'The One with the Vows'),(583516, 108778, 22, 7, 8.4, 1320, 'The One with Chandler\'s Dad'),(583531, 108778, 23, 7, 8.9, 1320, 'The One with Monica and Chandler\'s Wedding: Part 1'),(583532, 108778, 24, 7, 9.2, 1320, 'The One with Monica and Chandler\'s Wedding: Part 2'),(583435, 108778, 1, 8, 8.7, 1320, 'The One After I Do'),(583638, 108778, 2, 8, 9.1, 1320, 'The One with the Red Sweater'),(583476, 108778, 3, 8, 8.7, 1320, 'The One Where Rachel Tells...'),(583658, 108778, 4, 8, 9.3, 1320, 'The One with the Videotape'),(583548, 108778, 5, 8, 8.1, 1320, 'The One with Rachel\'s Date'),(583612, 108778, 6, 8, 8.6, 1320, 'The One with the Halloween Party'),(583648, 108778, 7, 8, 8.0, 1320, 'The One with the Stain'),(583650, 108778, 8, 8, 8.8, 1320, 'The One with the Stripper'),(583642, 108778, 9, 8, 9.3, 1320, 'The One with the Rumor'),(583533, 108778, 10, 8, 8.1, 1320, 'The One with Monica\'s Boots'),(583594, 108778, 11, 8, 8.1, 1320, 'The One with Ross\'s Step Forward'),(583454, 108778, 12, 8, 8.6, 1320, 'The One Where Joey Dates Rachel'),(583446, 108778, 13, 8, 8.6, 1320, 'The One Where Chandler Takes a Bath'),(583644, 108778, 14, 8, 8.3, 1320, 'The One with the Secret Closet'),(583578, 108778, 15, 8, 8.4, 1320, 'The One with the Birthing Video'),(583458, 108778, 16, 8, 8.3, 1320, 'The One Where Joey Tells Rachel'),(583651, 108778, 17, 8, 8.2, 1320, 'The One with the Tea Leaves'),(583499, 108778, 18, 8, 8.2, 1320, 'The One in Massapequa'),(583527, 108778, 19, 8, 7.5, 1320, 'The One with Joey\'s Interview'),(583573, 108778, 20, 8, 8.3, 1320, 'The One with the Baby Shower'),(583592, 108778, 21, 8, 8.2, 1320, 'The One with the Cooking Class'),(583473, 108778, 22, 8, 8.4, 1320, 'The One Where Rachel Is Late'),(583471, 108778, 23, 8, 8.8, 1320, 'The One Where Rachel Has a Baby: Part 1'),(583472, 108778, 24, 8, 8.9, 1320, 'The One Where Rachel Has a Baby: Part 2'),(583463, 108778, 1, 9, 8.6, 1320, 'The One Where No One Proposes'),(583450, 108778, 2, 9, 8.6, 1320, 'The One Where Emma Cries'),(583633, 108778, 3, 9, 8.3, 1320, 'The One with the Pediatrician'),(583645, 108778, 4, 9, 8.2, 1320, 'The One with the Sharks'),(583535, 108778, 5, 9, 8.5, 1320, 'The One with Phoebe\'s Birthday Dinner'),(583627, 108778, 6, 9, 8.4, 1320, 'The One with the Male Nanny'),(583561, 108778, 7, 9, 8.7, 1320, 'The One with Ross\'s Inappropriate Song'),(583553, 108778, 8, 9, 8.8, 1320, 'The One with Rachel\'s Other Sister'),(583554, 108778, 9, 9, 8.2, 1320, 'The One with Rachel\'s Phone Number'),(583518, 108778, 10, 9, 7.5, 1320, 'The One with Christmas in Tulsa'),(583470, 108778, 11, 9, 8.1, 1320, 'The One Where Rachel Goes Back to Work'),(583540, 108778, 12, 9, 8.0, 1320, 'The One with Phoebe\'s Rats'),(583460, 108778, 13, 9, 8.2, 1320, 'The One Where Monica Sings'),(583580, 108778, 14, 9, 8.3, 1320, 'The One with the Blind Dates'),(583631, 108778, 15, 9, 8.4, 1320, 'The One with the Mugging'),(583581, 108778, 16, 9, 8.3, 1320, 'The One with the Boob Job'),(583628, 108778, 17, 9, 8.5, 1320, 'The One with the Memorial Service'),(583626, 108778, 18, 9, 8.6, 1320, 'The One with the Lottery'),(583549, 108778, 19, 9, 8.2, 1320, 'The One with Rachel\'s Dream'),(583646, 108778, 20, 9, 8.3, 1320, 'The One with the Soap Opera Party'),(583605, 108778, 21, 9, 8.2, 1320, 'The One with the Fertility Test'),(583597, 108778, 22, 9, 7.9, 1320, 'The One with the Donor'),(583497, 108778, 23, 9, 8.5, 1320, 'The One in Barbados'),(583498, 108778, 24, 9, 8.7, 1320, 'The One in Barbados'),(583436, 108778, 1, 10, 8.5, 1320, 'The One After Joey and Rachel Kiss'),(583484, 108778, 2, 10, 8.8, 1320, 'The One Where Ross Is Fine'),(583564, 108778, 3, 10, 8.8, 1320, 'The One with Ross\'s Tan'),(583586, 108778, 4, 10, 8.3, 1320, 'The One with the Cake'),(583477, 108778, 5, 10, 8.2, 1320, 'The One Where Rachel\'s Sister Babysits'),(583557, 108778, 6, 10, 8.2, 1320, 'The One with Ross\' Grant'),(583614, 108778, 7, 10, 8.3, 1320, 'The One with the Home Study'),(583623, 108778, 8, 10, 8.9, 1320, 'The One with the Late Thanksgiving'),(583432, 108778, 9, 10, 8.6, 1320, 'The One with the Birth Mother'),(583445, 108778, 10, 10, 8.0, 1320, 'The One Where Chandler Gets Caught'),(583494, 108778, 11, 10, 9.0, 1320, 'The One Where the Stripper Cries'),(583542, 108778, 12, 10, 8.9, 1320, 'The One with Phoebe\'s Wedding'),(583457, 108778, 13, 10, 8.5, 1320, 'The One Where Joey Speaks French'),(583543, 108778, 14, 10, 8.6, 1320, 'The One with Princess Consuela'),(583451, 108778, 15, 10, 8.5, 1320, 'The One Where Estelle Dies'),(583550, 108778, 16, 10, 8.9, 1320, 'The One with Rachel\'s Going Away Party'),(583433, 108778, 17, 10, 9.5, 1320, 'The Last One: Part 1'),(583508, 108778, 17, 10, 8.7, 1320, 'The One with All the Other Ones: Part 1'),(583509, 108778, 18, 10, 8.7, 1320, 'The One with All the Other Ones: Part 2'),(583434, 108778, 18, 10, 9.7, 1320, 'The Last One: Part 2'),(1665071, 1475582, 1, 1, 9.1, 5280, 'A Study in Pink'),(1664529, 1475582, 2, 1, 8.1, 5280, 'The Blind Banker'),(1664530, 1475582, 3, 1, 9.1, 5280, 'The Great Game'),(1942612, 1475582, 1, 2, 9.5, 5280, 'A Scandal in Belgravia'),(1942613, 1475582, 2, 2, 8.4, 5280, 'The Hounds of Baskerville'),(3381878, 1475582, 0, 3, 8.6, 5280, 'Many Happy Returns'),(2189771, 1475582, 1, 3, 9.0, 5280, 'The Empty Hearse'),(2781042, 1475582, 2, 3, 9.0, 5280, 'The Sign of Three'),(2781046, 1475582, 3, 3, 9.3, 5280, 'His Last Vow'),(3845232, 1475582, 0, 4, 8.2, 5280, 'The Abominable Bride'),(3538760, 1475582, 1, 4, 7.6, 5280, 'The Six Thatchers'),(3845888, 1475582, 2, 4, 9.2, 5280, 'The Lying Detective'),(3845892, 1475582, 3, 4, 8.3, 5280, 'The Final Problem');
